{
  "哈": {
    "基": 0.96875,
    "米": 0.005208333333333333,
    "哈": 0.026041666666666668
  },
  "基": {
    "米": 0.7929292929292929,
    "哈": 0.16161616161616163,
    "基": 0.045454545454545456
  },
  "米": {
    "哈": 0.7017543859649122,
    "米": 0.08771929824561403,
    "基": 0.21052631578947367
  }
}