{
  "哈": {
    "基": 0.7072243346007605,
    "呀": 0.24714828897338403,
    "米": 0.0038022813688212928,
    "阿": 0.0076045627376425855,
    "哈": 0.019011406844106463,
    "库": 0.011406844106463879,
    "那": 0.0038022813688212928
  },
  "基": {
    "米": 0.7370892018779343,
    "哈": 0.15023474178403756,
    "噶": 0.018779342723004695,
    "南": 0.014084507042253521,
    "摸": 0.009389671361502348,
    "基": 0.04225352112676056,
    "北": 0.014084507042253521,
    "阿": 0.009389671361502348,
    "呀": 0.004694835680751174
  },
  "米": {
    "摸": 0.34057971014492755,
    "南": 0.16666666666666666,
    "哈": 0.2898550724637681,
    "北": 0.014492753623188406,
    "阿": 0.036231884057971016,
    "米": 0.036231884057971016,
    "基": 0.08695652173913043,
    "绿": 0.007246376811594203,
    "西": 0.014492753623188406,
    "豆": 0.007246376811594203
  },
  "摸": {
    "南": 0.9791666666666666,
    "哈": 0.020833333333333332
  },
  "南": {
    "北": 0.8703703703703703,
    "南": 0.12037037037037036,
    "绿": 0.009259259259259259
  },
  "北": {
    "绿": 0.9381443298969072,
    "豆": 0.020618556701030927,
    "北": 0.030927835051546393,
    "哈": 0.010309278350515464
  },
  "绿": {
    "豆": 0.9166666666666666,
    "绿": 0.041666666666666664,
    "阿": 0.020833333333333332,
    "北": 0.010416666666666666,
    "南": 0.010416666666666666
  },
  "豆": {
    "阿": 0.6486486486486487,
    "哈": 0.22972972972972974,
    "基": 0.04054054054054054,
    "摸": 0.013513513513513514,
    "豆": 0.02702702702702703,
    "噶": 0.02702702702702703,
    "绿": 0.013513513513513514
  },
  "阿": {
    "西": 0.9662921348314607,
    "呀": 0.02247191011235955,
    "哈": 0.011235955056179775
  },
  "西": {
    "噶": 0.9325842696629213,
    "阿": 0.02247191011235955,
    "哈": 0.033707865168539325,
    "基": 0.011235955056179775
  },
  "噶": {
    "哈": 0.575,
    "呀": 0.15,
    "阿": 0.15,
    "西": 0.0375,
    "南": 0.0375,
    "噶": 0.025,
    "摸": 0.0125,
    "基": 0.0125
  },
  "呀": {
    "库": 0.8641975308641975,
    "哈": 0.07407407407407407,
    "南": 0.024691358024691357,
    "西": 0.012345679012345678,
    "路": 0.012345679012345678,
    "阿": 0.012345679012345678
  },
  "库": {
    "那": 0.7407407407407407,
    "阿": 0.012345679012345678,
    "哈": 0.06172839506172839,
    "库": 0.14814814814814814,
    "南": 0.024691358024691357,
    "呀": 0.012345679012345678
  },
  "那": {
    "路": 1.0
  },
  "路": {
    "哈": 0.7333333333333333,
    "南": 0.13333333333333333,
    "阿": 0.06666666666666667,
    "豆": 0.03333333333333333,
    "基": 0.03333333333333333
  }
}