{
  "曼": {
    "波": 0.9911504424778761,
    "曼": 0.008849557522123894
  },
  "波": {
    "曼": 0.9047619047619048,
    "波": 0.09523809523809523
  }
}